condition,wins,win_rate
peer,199,0.5702005730659025
vanilla,150,0.4297994269340974
