condition,wins,win_rate
peer,229,0.6580459770114943
vanilla,119,0.34195402298850575
